Año,Trimestre,Provincia,Accesos/100 hab,Latitud,Longitud
2024,2,Buenos Aires,"27,43","-36,6769","-60,5588"
2024,2,Capital Federal,"47,44","-34,6037","-58,3816"
2024,2,Catamarca,"17,50","-28,4696","-65,7795"
2024,2,Chaco,"11,78","-27,4515","-58,9864"
2024,2,Chubut,"26,46","-43,3002","-65,1023"
2024,2,Córdoba,"27,79","-31,4201","-64,1888"
2024,2,Corrientes,"13,53","-27,4806","-58,8341"
2024,2,Entre Ríos,"20,52","-32,0718","-60,5238"
2024,2,Formosa,"10,10","-26,1728","-58,1825"
2024,2,Jujuy,"14,91","-24,1945","-65,2971"
2024,2,La Pampa,"33,33","-37,7429","-64,2856"
2024,2,La Rioja,"21,17","-29,4135","-66,8565"
2024,2,Mendoza,"14,60","-34,5890","-68,3480"
2024,2,Misiones,"15,72","-27,3644","-55,9000"
2024,2,Neuquén,"23,49","-38,9516","-68,0591"
2024,2,Río Negro,"21,95","-40,8135","-67,9665"
2024,2,Salta,"13,49","-24,7821","-65,4232"
2024,2,San Juan,"13,03","-31,5275","-68,5386"
2024,2,San Luis,"29,59","-33,3018","-66,3378"
2024,2,Santa Cruz,"20,80","-48,7834","-69,9335"
2024,2,Santa Fe,"25,58","-31,6333","-60,7000"
2024,2,Santiago Del Estero,"12,33","-27,7834","-64,2642"
2024,2,Tierra Del Fuego,"32,28","-54,8019","-68,3029"
2024,2,Tucumán,"15,07","-26,8241","-65,2226"
2024,1,Buenos Aires,"27,80","-36,6769","-60,5588"
2024,1,Capital Federal,"48,78","-34,6037","-58,3816"
2024,1,Catamarca,"17,50","-28,4696","-65,7795"
2024,1,Chaco,"12,48","-27,4515","-58,9864"
2024,1,Chubut,"26,02","-43,3002","-65,1023"
2024,1,Córdoba,"27,77","-31,4201","-64,1888"
2024,1,Corrientes,"13,68","-27,4806","-58,8341"
2024,1,Entre Ríos,"20,72","-32,0718","-60,5238"
2024,1,Formosa,"10,08","-26,1728","-58,1825"
2024,1,Jujuy,"14,74","-24,1945","-65,2971"
2024,1,La Pampa,"33,11","-37,7429","-64,2856"
2024,1,La Rioja,"21,30","-29,4135","-66,8565"
2024,1,Mendoza,"14,67","-34,5890","-68,3480"
2024,1,Misiones,"15,46","-27,3644","-55,9000"
2024,1,Neuquén,"23,66","-38,9516","-68,0591"
2024,1,Río Negro,"21,88","-40,8135","-67,9665"
2024,1,Salta,"13,63","-24,7821","-65,4232"
2024,1,San Juan,"13,15","-31,5275","-68,5386"
2024,1,San Luis,"29,39","-33,3018","-66,3378"
2024,1,Santa Cruz,"20,10","-48,7834","-69,9335"
2024,1,Santa Fe,"25,28","-31,6333","-60,7000"
2024,1,Santiago Del Estero,"12,26","-27,7834","-64,2642"
2024,1,Tierra Del Fuego,"32,54","-54,8019","-68,3029"
2024,1,Tucumán,"14,98","-26,8241","-65,2226"
2023,4,Buenos Aires,"27,68","-36,6769","-60,5588"
2023,4,Capital Federal,"47,80","-34,6037","-58,3816"
2023,4,Catamarca,"17,46","-28,4696","-65,7795"
2023,4,Chaco,"11,85","-27,4515","-58,9864"
2023,4,Chubut,"26,04","-43,3002","-65,1023"
2023,4,Córdoba,"27,76","-31,4201","-64,1888"
2023,4,Corrientes,"13,84","-27,4806","-58,8341"
2023,4,Entre Ríos,"20,91","-32,0718","-60,5238"
2023,4,Formosa,"9,98","-26,1728","-58,1825"
2023,4,Jujuy,"14,77","-24,1945","-65,2971"
2023,4,La Pampa,"32,93","-37,7429","-64,2856"
2023,4,La Rioja,"21,35","-29,4135","-66,8565"
2023,4,Mendoza,"14,55","-34,5890","-68,3480"
2023,4,Misiones,"15,33","-27,3644","-55,9000"
2023,4,Neuquén,"23,78","-38,9516","-68,0591"
2023,4,Río Negro,"21,61","-40,8135","-67,9665"
2023,4,Salta,"13,80","-24,7821","-65,4232"
2023,4,San Juan,"12,75","-31,5275","-68,5386"
2023,4,San Luis,"29,21","-33,3018","-66,3378"
2023,4,Santa Cruz,"21,94","-48,7834","-69,9335"
2023,4,Santa Fe,"25,08","-31,6333","-60,7000"
2023,4,Santiago Del Estero,"12,18","-27,7834","-64,2642"
2023,4,Tierra Del Fuego,"32,75","-54,8019","-68,3029"
2023,4,Tucumán,"15,12","-26,8241","-65,2226"
2023,3,Buenos Aires,"27,50","-36,6769","-60,5588"
2023,3,Capital Federal,"47,60","-34,6037","-58,3816"
2023,3,Catamarca,"17,44","-28,4696","-65,7795"
2023,3,Chaco,"11,46","-27,4515","-58,9864"
2023,3,Chubut,"25,82","-43,3002","-65,1023"
2023,3,Córdoba,"27,57","-31,4201","-64,1888"
2023,3,Corrientes,"13,90","-27,4806","-58,8341"
2023,3,Entre Ríos,"20,58","-32,0718","-60,5238"
2023,3,Formosa,"9,89","-26,1728","-58,1825"
2023,3,Jujuy,"14,73","-24,1945","-65,2971"
2023,3,La Pampa,"32,62","-37,7429","-64,2856"
2023,3,La Rioja,"21,41","-29,4135","-66,8565"
2023,3,Mendoza,"14,52","-34,5890","-68,3480"
2023,3,Misiones,"15,12","-27,3644","-55,9000"
2023,3,Neuquén,"23,80","-38,9516","-68,0591"
2023,3,Río Negro,"21,04","-40,8135","-67,9665"
2023,3,Salta,"13,94","-24,7821","-65,4232"
2023,3,San Juan,"12,85","-31,5275","-68,5386"
2023,3,San Luis,"28,20","-33,3018","-66,3378"
2023,3,Santa Cruz,"12,17","-48,7834","-69,9335"
2023,3,Santa Fe,"24,87","-31,6333","-60,7000"
2023,3,Santiago Del Estero,"12,08","-27,7834","-64,2642"
2023,3,Tierra Del Fuego,"31,41","-54,8019","-68,3029"
2023,3,Tucumán,"15,17","-26,8241","-65,2226"
2023,2,Buenos Aires,"27,10","-36,6769","-60,5588"
2023,2,Capital Federal,"47,27","-34,6037","-58,3816"
2023,2,Catamarca,"17,15","-28,4696","-65,7795"
2023,2,Chaco,"11,46","-27,4515","-58,9864"
2023,2,Chubut,"25,28","-43,3002","-65,1023"
2023,2,Córdoba,"27,59","-31,4201","-64,1888"
2023,2,Corrientes,"13,79","-27,4806","-58,8341"
2023,2,Entre Ríos,"19,26","-32,0718","-60,5238"
2023,2,Formosa,"9,75","-26,1728","-58,1825"
2023,2,Jujuy,"14,78","-24,1945","-65,2971"
2023,2,La Pampa,"32,40","-37,7429","-64,2856"
2023,2,La Rioja,"21,30","-29,4135","-66,8565"
2023,2,Mendoza,"14,54","-34,5890","-68,3480"
2023,2,Misiones,"15,03","-27,3644","-55,9000"
2023,2,Neuquén,"23,50","-38,9516","-68,0591"
2023,2,Río Negro,"21,09","-40,8135","-67,9665"
2023,2,Salta,"13,92","-24,7821","-65,4232"
2023,2,San Juan,"12,10","-31,5275","-68,5386"
2023,2,San Luis,"26,73","-33,3018","-66,3378"
2023,2,Santa Cruz,"12,39","-48,7834","-69,9335"
2023,2,Santa Fe,"24,79","-31,6333","-60,7000"
2023,2,Santiago Del Estero,"11,70","-27,7834","-64,2642"
2023,2,Tierra Del Fuego,"31,54","-54,8019","-68,3029"
2023,2,Tucumán,"15,05","-26,8241","-65,2226"
2023,1,Buenos Aires,"26,81","-36,6769","-60,5588"
2023,1,Capital Federal,"50,23","-34,6037","-58,3816"
2023,1,Catamarca,"16,83","-28,4696","-65,7795"
2023,1,Chaco,"11,53","-27,4515","-58,9864"
2023,1,Chubut,"26,32","-43,3002","-65,1023"
2023,1,Córdoba,"27,20","-31,4201","-64,1888"
2023,1,Corrientes,"13,71","-27,4806","-58,8341"
2023,1,Entre Ríos,"19,37","-32,0718","-60,5238"
2023,1,Formosa,"9,87","-26,1728","-58,1825"
2023,1,Jujuy,"14,88","-24,1945","-65,2971"
2023,1,La Pampa,"31,81","-37,7429","-64,2856"
2023,1,La Rioja,"21,23","-29,4135","-66,8565"
2023,1,Mendoza,"14,34","-34,5890","-68,3480"
2023,1,Misiones,"14,70","-27,3644","-55,9000"
2023,1,Neuquén,"23,38","-38,9516","-68,0591"
2023,1,Río Negro,"21,27","-40,8135","-67,9665"
2023,1,Salta,"13,97","-24,7821","-65,4232"
2023,1,San Juan,"12,67","-31,5275","-68,5386"
2023,1,San Luis,"25,80","-33,3018","-66,3378"
2023,1,Santa Cruz,"12,92","-48,7834","-69,9335"
2023,1,Santa Fe,"24,57","-31,6333","-60,7000"
2023,1,Santiago Del Estero,"11,80","-27,7834","-64,2642"
2023,1,Tierra Del Fuego,"30,90","-54,8019","-68,3029"
2023,1,Tucumán,"14,95","-26,8241","-65,2226"
2022,4,Buenos Aires,"26,72","-36,6769","-60,5588"
2022,4,Capital Federal,"50,35","-34,6037","-58,3816"
2022,4,Catamarca,"16,73","-28,4696","-65,7795"
2022,4,Chaco,"11,66","-27,4515","-58,9864"
2022,4,Chubut,"26,23","-43,3002","-65,1023"
2022,4,Córdoba,"27,26","-31,4201","-64,1888"
2022,4,Corrientes,"13,60","-27,4806","-58,8341"
2022,4,Entre Ríos,"19,14","-32,0718","-60,5238"
2022,4,Formosa,"10,03","-26,1728","-58,1825"
2022,4,Jujuy,"14,95","-24,1945","-65,2971"
2022,4,La Pampa,"31,23","-37,7429","-64,2856"
2022,4,La Rioja,"21,26","-29,4135","-66,8565"
2022,4,Mendoza,"14,33","-34,5890","-68,3480"
2022,4,Misiones,"14,39","-27,3644","-55,9000"
2022,4,Neuquén,"23,41","-38,9516","-68,0591"
2022,4,Río Negro,"21,04","-40,8135","-67,9665"
2022,4,Salta,"14,04","-24,7821","-65,4232"
2022,4,San Juan,"12,96","-31,5275","-68,5386"
2022,4,San Luis,"25,83","-33,3018","-66,3378"
2022,4,Santa Cruz,"12,95","-48,7834","-69,9335"
2022,4,Santa Fe,"24,65","-31,6333","-60,7000"
2022,4,Santiago Del Estero,"11,92","-27,7834","-64,2642"
2022,4,Tierra Del Fuego,"30,07","-54,8019","-68,3029"
2022,4,Tucumán,"15,12","-26,8241","-65,2226"
2022,3,Buenos Aires,"26,37","-36,6769","-60,5588"
2022,3,Capital Federal,"50,22","-34,6037","-58,3816"
2022,3,Catamarca,"16,62","-28,4696","-65,7795"
2022,3,Chaco,"11,72","-27,4515","-58,9864"
2022,3,Chubut,"25,86","-43,3002","-65,1023"
2022,3,Córdoba,"27,04","-31,4201","-64,1888"
2022,3,Corrientes,"12,69","-27,4806","-58,8341"
2022,3,Entre Ríos,"19,04","-32,0718","-60,5238"
2022,3,Formosa,"11,14","-26,1728","-58,1825"
2022,3,Jujuy,"15,06","-24,1945","-65,2971"
2022,3,La Pampa,"31,82","-37,7429","-64,2856"
2022,3,La Rioja,"21,47","-29,4135","-66,8565"
2022,3,Mendoza,"14,24","-34,5890","-68,3480"
2022,3,Misiones,"14,11","-27,3644","-55,9000"
2022,3,Neuquén,"23,92","-38,9516","-68,0591"
2022,3,Río Negro,"20,91","-40,8135","-67,9665"
2022,3,Salta,"13,99","-24,7821","-65,4232"
2022,3,San Juan,"12,94","-31,5275","-68,5386"
2022,3,San Luis,"23,39","-33,3018","-66,3378"
2022,3,Santa Cruz,"12,85","-48,7834","-69,9335"
2022,3,Santa Fe,"24,70","-31,6333","-60,7000"
2022,3,Santiago Del Estero,"11,91","-27,7834","-64,2642"
2022,3,Tierra Del Fuego,"29,50","-54,8019","-68,3029"
2022,3,Tucumán,"15,14","-26,8241","-65,2226"
2022,2,Buenos Aires,"26,13","-36,6769","-60,5588"
2022,2,Capital Federal,"49,87","-34,6037","-58,3816"
2022,2,Catamarca,"15,87","-28,4696","-65,7795"
2022,2,Chaco,"11,70","-27,4515","-58,9864"
2022,2,Chubut,"25,50","-43,3002","-65,1023"
2022,2,Córdoba,"26,78","-31,4201","-64,1888"
2022,2,Corrientes,"12,73","-27,4806","-58,8341"
2022,2,Entre Ríos,"19,10","-32,0718","-60,5238"
2022,2,Formosa,"11,05","-26,1728","-58,1825"
2022,2,Jujuy,"14,66","-24,1945","-65,2971"
2022,2,La Pampa,"30,63","-37,7429","-64,2856"
2022,2,La Rioja,"21,33","-29,4135","-66,8565"
2022,2,Mendoza,"13,78","-34,5890","-68,3480"
2022,2,Misiones,"13,89","-27,3644","-55,9000"
2022,2,Neuquén,"23,82","-38,9516","-68,0591"
2022,2,Río Negro,"20,87","-40,8135","-67,9665"
2022,2,Salta,"13,94","-24,7821","-65,4232"
2022,2,San Juan,"12,60","-31,5275","-68,5386"
2022,2,San Luis,"23,40","-33,3018","-66,3378"
2022,2,Santa Cruz,"12,84","-48,7834","-69,9335"
2022,2,Santa Fe,"24,50","-31,6333","-60,7000"
2022,2,Santiago Del Estero,"11,84","-27,7834","-64,2642"
2022,2,Tierra Del Fuego,"29,60","-54,8019","-68,3029"
2022,2,Tucumán,"14,69","-26,8241","-65,2226"
2022,1,Buenos Aires,"25,56","-36,6769","-60,5588"
2022,1,Capital Federal,"46,01","-34,6037","-58,3816"
2022,1,Catamarca,"14,81","-28,4696","-65,7795"
2022,1,Chaco,"11,78","-27,4515","-58,9864"
2022,1,Chubut,"26,99","-43,3002","-65,1023"
2022,1,Córdoba,"26,26","-31,4201","-64,1888"
2022,1,Corrientes,"12,55","-27,4806","-58,8341"
2022,1,Entre Ríos,"19,05","-32,0718","-60,5238"
2022,1,Formosa,"8,90","-26,1728","-58,1825"
2022,1,Jujuy,"14,85","-24,1945","-65,2971"
2022,1,La Pampa,"30,20","-37,7429","-64,2856"
2022,1,La Rioja,"20,97","-29,4135","-66,8565"
2022,1,Mendoza,"13,60","-34,5890","-68,3480"
2022,1,Misiones,"13,36","-27,3644","-55,9000"
2022,1,Neuquén,"22,08","-38,9516","-68,0591"
2022,1,Río Negro,"20,62","-40,8135","-67,9665"
2022,1,Salta,"13,59","-24,7821","-65,4232"
2022,1,San Juan,"11,09","-31,5275","-68,5386"
2022,1,San Luis,"23,10","-33,3018","-66,3378"
2022,1,Santa Cruz,"12,89","-48,7834","-69,9335"
2022,1,Santa Fe,"24,31","-31,6333","-60,7000"
2022,1,Santiago Del Estero,"11,71","-27,7834","-64,2642"
2022,1,Tierra Del Fuego,"29,14","-54,8019","-68,3029"
2022,1,Tucumán,"14,22","-26,8241","-65,2226"
2021,4,Buenos Aires,"25,36","-36,6769","-60,5588"
2021,4,Capital Federal,"45,85","-34,6037","-58,3816"
2021,4,Catamarca,"14,05","-28,4696","-65,7795"
2021,4,Chaco,"11,77","-27,4515","-58,9864"
2021,4,Chubut,"25,31","-43,3002","-65,1023"
2021,4,Córdoba,"25,87","-31,4201","-64,1888"
2021,4,Corrientes,"11,98","-27,4806","-58,8341"
2021,4,Entre Ríos,"18,88","-32,0718","-60,5238"
2021,4,Formosa,"8,77","-26,1728","-58,1825"
2021,4,Jujuy,"14,56","-24,1945","-65,2971"
2021,4,La Pampa,"29,51","-37,7429","-64,2856"
2021,4,La Rioja,"20,74","-29,4135","-66,8565"
2021,4,Mendoza,"13,26","-34,5890","-68,3480"
2021,4,Misiones,"13,36","-27,3644","-55,9000"
2021,4,Neuquén,"21,82","-38,9516","-68,0591"
2021,4,Río Negro,"20,21","-40,8135","-67,9665"
2021,4,Salta,"13,76","-24,7821","-65,4232"
2021,4,San Juan,"10,08","-31,5275","-68,5386"
2021,4,San Luis,"22,98","-33,3018","-66,3378"
2021,4,Santa Cruz,"12,81","-48,7834","-69,9335"
2021,4,Santa Fe,"24,24","-31,6333","-60,7000"
2021,4,Santiago Del Estero,"11,68","-27,7834","-64,2642"
2021,4,Tierra Del Fuego,"29,17","-54,8019","-68,3029"
2021,4,Tucumán,"13,85","-26,8241","-65,2226"
2021,3,Buenos Aires,"23,97","-36,6769","-60,5588"
2021,3,Capital Federal,"45,90","-34,6037","-58,3816"
2021,3,Catamarca,"13,41","-28,4696","-65,7795"
2021,3,Chaco,"11,48","-27,4515","-58,9864"
2021,3,Chubut,"24,74","-43,3002","-65,1023"
2021,3,Córdoba,"24,89","-31,4201","-64,1888"
2021,3,Corrientes,"11,82","-27,4806","-58,8341"
2021,3,Entre Ríos,"18,59","-32,0718","-60,5238"
2021,3,Formosa,"8,64","-26,1728","-58,1825"
2021,3,Jujuy,"14,24","-24,1945","-65,2971"
2021,3,La Pampa,"27,77","-37,7429","-64,2856"
2021,3,La Rioja,"20,57","-29,4135","-66,8565"
2021,3,Mendoza,"12,71","-34,5890","-68,3480"
2021,3,Misiones,"12,41","-27,3644","-55,9000"
2021,3,Neuquén,"20,75","-38,9516","-68,0591"
2021,3,Río Negro,"19,06","-40,8135","-67,9665"
2021,3,Salta,"13,55","-24,7821","-65,4232"
2021,3,San Juan,"10,05","-31,5275","-68,5386"
2021,3,San Luis,"22,86","-33,3018","-66,3378"
2021,3,Santa Cruz,"13,02","-48,7834","-69,9335"
2021,3,Santa Fe,"23,59","-31,6333","-60,7000"
2021,3,Santiago Del Estero,"11,66","-27,7834","-64,2642"
2021,3,Tierra Del Fuego,"28,15","-54,8019","-68,3029"
2021,3,Tucumán,"13,53","-26,8241","-65,2226"
2021,2,Buenos Aires,"23,35","-36,6769","-60,5588"
2021,2,Capital Federal,"45,49","-34,6037","-58,3816"
2021,2,Catamarca,"13,31","-28,4696","-65,7795"
2021,2,Chaco,"11,58","-27,4515","-58,9864"
2021,2,Chubut,"22,16","-43,3002","-65,1023"
2021,2,Córdoba,"24,53","-31,4201","-64,1888"
2021,2,Corrientes,"11,47","-27,4806","-58,8341"
2021,2,Entre Ríos,"18,44","-32,0718","-60,5238"
2021,2,Formosa,"8,46","-26,1728","-58,1825"
2021,2,Jujuy,"14,37","-24,1945","-65,2971"
2021,2,La Pampa,"27,04","-37,7429","-64,2856"
2021,2,La Rioja,"20,49","-29,4135","-66,8565"
2021,2,Mendoza,"11,43","-34,5890","-68,3480"
2021,2,Misiones,"12,26","-27,3644","-55,9000"
2021,2,Neuquén,"20,58","-38,9516","-68,0591"
2021,2,Río Negro,"19,05","-40,8135","-67,9665"
2021,2,Salta,"13,30","-24,7821","-65,4232"
2021,2,San Juan,"10,01","-31,5275","-68,5386"
2021,2,San Luis,"23,89","-33,3018","-66,3378"
2021,2,Santa Cruz,"13,10","-48,7834","-69,9335"
2021,2,Santa Fe,"23,60","-31,6333","-60,7000"
2021,2,Santiago Del Estero,"11,55","-27,7834","-64,2642"
2021,2,Tierra Del Fuego,"20,13","-54,8019","-68,3029"
2021,2,Tucumán,"13,61","-26,8241","-65,2226"
2021,1,Buenos Aires,"23,00","-36,6769","-60,5588"
2021,1,Capital Federal,"44,83","-34,6037","-58,3816"
2021,1,Catamarca,"12,44","-28,4696","-65,7795"
2021,1,Chaco,"11,53","-27,4515","-58,9864"
2021,1,Chubut,"21,15","-43,3002","-65,1023"
2021,1,Córdoba,"24,06","-31,4201","-64,1888"
2021,1,Corrientes,"11,23","-27,4806","-58,8341"
2021,1,Entre Ríos,"18,07","-32,0718","-60,5238"
2021,1,Formosa,"8,33","-26,1728","-58,1825"
2021,1,Jujuy,"14,23","-24,1945","-65,2971"
2021,1,La Pampa,"26,94","-37,7429","-64,2856"
2021,1,La Rioja,"13,26","-29,4135","-66,8565"
2021,1,Mendoza,"10,93","-34,5890","-68,3480"
2021,1,Misiones,"11,76","-27,3644","-55,9000"
2021,1,Neuquén,"19,90","-38,9516","-68,0591"
2021,1,Río Negro,"18,72","-40,8135","-67,9665"
2021,1,Salta,"13,06","-24,7821","-65,4232"
2021,1,San Juan,"9,95","-31,5275","-68,5386"
2021,1,San Luis,"23,25","-33,3018","-66,3378"
2021,1,Santa Cruz,"12,39","-48,7834","-69,9335"
2021,1,Santa Fe,"23,24","-31,6333","-60,7000"
2021,1,Santiago Del Estero,"11,33","-27,7834","-64,2642"
2021,1,Tierra Del Fuego,"22,93","-54,8019","-68,3029"
2021,1,Tucumán,"13,58","-26,8241","-65,2226"
2020,4,Buenos Aires,"22,90","-36,6769","-60,5588"
2020,4,Capital Federal,"44,83","-34,6037","-58,3816"
2020,4,Catamarca,"12,57","-28,4696","-65,7795"
2020,4,Chaco,"11,50","-27,4515","-58,9864"
2020,4,Chubut,"20,95","-43,3002","-65,1023"
2020,4,Córdoba,"23,90","-31,4201","-64,1888"
2020,4,Corrientes,"11,17","-27,4806","-58,8341"
2020,4,Entre Ríos,"17,78","-32,0718","-60,5238"
2020,4,Formosa,"8,27","-26,1728","-58,1825"
2020,4,Jujuy,"13,67","-24,1945","-65,2971"
2020,4,La Pampa,"26,94","-37,7429","-64,2856"
2020,4,La Rioja,"13,34","-29,4135","-66,8565"
2020,4,Mendoza,"10,78","-34,5890","-68,3480"
2020,4,Misiones,"11,61","-27,3644","-55,9000"
2020,4,Neuquén,"19,94","-38,9516","-68,0591"
2020,4,Río Negro,"18,79","-40,8135","-67,9665"
2020,4,Salta,"13,09","-24,7821","-65,4232"
2020,4,San Juan,"9,25","-31,5275","-68,5386"
2020,4,San Luis,"23,38","-33,3018","-66,3378"
2020,4,Santa Cruz,"11,01","-48,7834","-69,9335"
2020,4,Santa Fe,"23,14","-31,6333","-60,7000"
2020,4,Santiago Del Estero,"10,86","-27,7834","-64,2642"
2020,4,Tierra Del Fuego,"22,61","-54,8019","-68,3029"
2020,4,Tucumán,"13,57","-26,8241","-65,2226"
2020,3,Buenos Aires,"22,41","-36,6769","-60,5588"
2020,3,Capital Federal,"44,62","-34,6037","-58,3816"
2020,3,Catamarca,"12,00","-28,4696","-65,7795"
2020,3,Chaco,"11,10","-27,4515","-58,9864"
2020,3,Chubut,"20,95","-43,3002","-65,1023"
2020,3,Córdoba,"23,03","-31,4201","-64,1888"
2020,3,Corrientes,"10,99","-27,4806","-58,8341"
2020,3,Entre Ríos,"17,40","-32,0718","-60,5238"
2020,3,Formosa,"8,12","-26,1728","-58,1825"
2020,3,Jujuy,"13,82","-24,1945","-65,2971"
2020,3,La Pampa,"26,12","-37,7429","-64,2856"
2020,3,La Rioja,"13,34","-29,4135","-66,8565"
2020,3,Mendoza,"10,42","-34,5890","-68,3480"
2020,3,Misiones,"11,33","-27,3644","-55,9000"
2020,3,Neuquén,"19,42","-38,9516","-68,0591"
2020,3,Río Negro,"17,55","-40,8135","-67,9665"
2020,3,Salta,"12,67","-24,7821","-65,4232"
2020,3,San Juan,"9,88","-31,5275","-68,5386"
2020,3,San Luis,"22,88","-33,3018","-66,3378"
2020,3,Santa Cruz,"10,70","-48,7834","-69,9335"
2020,3,Santa Fe,"22,68","-31,6333","-60,7000"
2020,3,Santiago Del Estero,"10,76","-27,7834","-64,2642"
2020,3,Tierra Del Fuego,"22,77","-54,8019","-68,3029"
2020,3,Tucumán,"13,18","-26,8241","-65,2226"
2020,2,Buenos Aires,"21,55","-36,6769","-60,5588"
2020,2,Capital Federal,"44,15","-34,6037","-58,3816"
2020,2,Catamarca,"11,56","-28,4696","-65,7795"
2020,2,Chaco,"10,65","-27,4515","-58,9864"
2020,2,Chubut,"17,58","-43,3002","-65,1023"
2020,2,Córdoba,"22,26","-31,4201","-64,1888"
2020,2,Corrientes,"10,61","-27,4806","-58,8341"
2020,2,Entre Ríos,"16,90","-32,0718","-60,5238"
2020,2,Formosa,"7,93","-26,1728","-58,1825"
2020,2,Jujuy,"12,25","-24,1945","-65,2971"
2020,2,La Pampa,"25,07","-37,7429","-64,2856"
2020,2,La Rioja,"13,27","-29,4135","-66,8565"
2020,2,Mendoza,"10,12","-34,5890","-68,3480"
2020,2,Misiones,"11,14","-27,3644","-55,9000"
2020,2,Neuquén,"19,02","-38,9516","-68,0591"
2020,2,Río Negro,"17,34","-40,8135","-67,9665"
2020,2,Salta,"12,49","-24,7821","-65,4232"
2020,2,San Juan,"8,94","-31,5275","-68,5386"
2020,2,San Luis,"22,44","-33,3018","-66,3378"
2020,2,Santa Cruz,"10,65","-48,7834","-69,9335"
2020,2,Santa Fe,"22,01","-31,6333","-60,7000"
2020,2,Santiago Del Estero,"10,79","-27,7834","-64,2642"
2020,2,Tierra Del Fuego,"22,64","-54,8019","-68,3029"
2020,2,Tucumán,"12,83","-26,8241","-65,2226"
2020,1,Buenos Aires,"21,21","-36,6769","-60,5588"
2020,1,Capital Federal,"44,02","-34,6037","-58,3816"
2020,1,Catamarca,"9,57","-28,4696","-65,7795"
2020,1,Chaco,"10,02","-27,4515","-58,9864"
2020,1,Chubut,"15,72","-43,3002","-65,1023"
2020,1,Córdoba,"21,64","-31,4201","-64,1888"
2020,1,Corrientes,"10,20","-27,4806","-58,8341"
2020,1,Entre Ríos,"16,78","-32,0718","-60,5238"
2020,1,Formosa,"7,69","-26,1728","-58,1825"
2020,1,Jujuy,"11,93","-24,1945","-65,2971"
2020,1,La Pampa,"24,96","-37,7429","-64,2856"
2020,1,La Rioja,"12,34","-29,4135","-66,8565"
2020,1,Mendoza,"9,25","-34,5890","-68,3480"
2020,1,Misiones,"10,63","-27,3644","-55,9000"
2020,1,Neuquén,"18,41","-38,9516","-68,0591"
2020,1,Río Negro,"16,95","-40,8135","-67,9665"
2020,1,Salta,"12,01","-24,7821","-65,4232"
2020,1,San Juan,"8,25","-31,5275","-68,5386"
2020,1,San Luis,"21,84","-33,3018","-66,3378"
2020,1,Santa Cruz,"10,70","-48,7834","-69,9335"
2020,1,Santa Fe,"21,86","-31,6333","-60,7000"
2020,1,Santiago Del Estero,"10,54","-27,7834","-64,2642"
2020,1,Tierra Del Fuego,"22,55","-54,8019","-68,3029"
2020,1,Tucumán,"11,85","-26,8241","-65,2226"
2019,4,Buenos Aires,"21,14","-36,6769","-60,5588"
2019,4,Capital Federal,"44,19","-34,6037","-58,3816"
2019,4,Catamarca,"9,27","-28,4696","-65,7795"
2019,4,Chaco,"9,85","-27,4515","-58,9864"
2019,4,Chubut,"15,68","-43,3002","-65,1023"
2019,4,Córdoba,"21,58","-31,4201","-64,1888"
2019,4,Corrientes,"10,21","-27,4806","-58,8341"
2019,4,Entre Ríos,"17,34","-32,0718","-60,5238"
2019,4,Formosa,"7,76","-26,1728","-58,1825"
2019,4,Jujuy,"11,60","-24,1945","-65,2971"
2019,4,La Pampa,"25,34","-37,7429","-64,2856"
2019,4,La Rioja,"12,55","-29,4135","-66,8565"
2019,4,Mendoza,"9,39","-34,5890","-68,3480"
2019,4,Misiones,"10,84","-27,3644","-55,9000"
2019,4,Neuquén,"17,67","-38,9516","-68,0591"
2019,4,Río Negro,"17,13","-40,8135","-67,9665"
2019,4,Salta,"12,20","-24,7821","-65,4232"
2019,4,San Juan,"8,37","-31,5275","-68,5386"
2019,4,San Luis,"21,44","-33,3018","-66,3378"
2019,4,Santa Cruz,"10,92","-48,7834","-69,9335"
2019,4,Santa Fe,"21,85","-31,6333","-60,7000"
2019,4,Santiago Del Estero,"10,65","-27,7834","-64,2642"
2019,4,Tierra Del Fuego,"23,63","-54,8019","-68,3029"
2019,4,Tucumán,"11,80","-26,8241","-65,2226"
2019,3,Buenos Aires,"22,76","-36,6769","-60,5588"
2019,3,Capital Federal,"46,90","-34,6037","-58,3816"
2019,3,Catamarca,"7,86","-28,4696","-65,7795"
2019,3,Chaco,"9,58","-27,4515","-58,9864"
2019,3,Chubut,"14,58","-43,3002","-65,1023"
2019,3,Córdoba,"21,00","-31,4201","-64,1888"
2019,3,Corrientes,"10,13","-27,4806","-58,8341"
2019,3,Entre Ríos,"17,31","-32,0718","-60,5238"
2019,3,Formosa,"7,66","-26,1728","-58,1825"
2019,3,Jujuy,"11,33","-24,1945","-65,2971"
2019,3,La Pampa,"25,52","-37,7429","-64,2856"
2019,3,La Rioja,"12,76","-29,4135","-66,8565"
2019,3,Mendoza,"11,37","-34,5890","-68,3480"
2019,3,Misiones,"10,71","-27,3644","-55,9000"
2019,3,Neuquén,"19,09","-38,9516","-68,0591"
2019,3,Río Negro,"19,51","-40,8135","-67,9665"
2019,3,Salta,"10,77","-24,7821","-65,4232"
2019,3,San Juan,"9,44","-31,5275","-68,5386"
2019,3,San Luis,"24,39","-33,3018","-66,3378"
2019,3,Santa Cruz,"10,60","-48,7834","-69,9335"
2019,3,Santa Fe,"21,66","-31,6333","-60,7000"
2019,3,Santiago Del Estero,"13,73","-27,7834","-64,2642"
2019,3,Tierra Del Fuego,"28,60","-54,8019","-68,3029"
2019,3,Tucumán,"9,78","-26,8241","-65,2226"
2019,2,Buenos Aires,"22,22","-36,6769","-60,5588"
2019,2,Capital Federal,"46,09","-34,6037","-58,3816"
2019,2,Catamarca,"8,17","-28,4696","-65,7795"
2019,2,Chaco,"9,13","-27,4515","-58,9864"
2019,2,Chubut,"14,40","-43,3002","-65,1023"
2019,2,Córdoba,"20,84","-31,4201","-64,1888"
2019,2,Corrientes,"10,05","-27,4806","-58,8341"
2019,2,Entre Ríos,"17,19","-32,0718","-60,5238"
2019,2,Formosa,"7,74","-26,1728","-58,1825"
2019,2,Jujuy,"11,38","-24,1945","-65,2971"
2019,2,La Pampa,"25,40","-37,7429","-64,2856"
2019,2,La Rioja,"12,97","-29,4135","-66,8565"
2019,2,Mendoza,"11,37","-34,5890","-68,3480"
2019,2,Misiones,"10,66","-27,3644","-55,9000"
2019,2,Neuquén,"18,78","-38,9516","-68,0591"
2019,2,Río Negro,"18,79","-40,8135","-67,9665"
2019,2,Salta,"10,15","-24,7821","-65,4232"
2019,2,San Juan,"9,07","-31,5275","-68,5386"
2019,2,San Luis,"23,41","-33,3018","-66,3378"
2019,2,Santa Cruz,"8,58","-48,7834","-69,9335"
2019,2,Santa Fe,"21,20","-31,6333","-60,7000"
2019,2,Santiago Del Estero,"13,10","-27,7834","-64,2642"
2019,2,Tierra Del Fuego,"28,11","-54,8019","-68,3029"
2019,2,Tucumán,"9,94","-26,8241","-65,2226"
2019,1,Buenos Aires,"21,64","-36,6769","-60,5588"
2019,1,Capital Federal,"45,58","-34,6037","-58,3816"
2019,1,Catamarca,"8,19","-28,4696","-65,7795"
2019,1,Chaco,"8,72","-27,4515","-58,9864"
2019,1,Chubut,"13,18","-43,3002","-65,1023"
2019,1,Córdoba,"20,06","-31,4201","-64,1888"
2019,1,Corrientes,"9,25","-27,4806","-58,8341"
2019,1,Entre Ríos,"16,98","-32,0718","-60,5238"
2019,1,Formosa,"7,55","-26,1728","-58,1825"
2019,1,Jujuy,"11,87","-24,1945","-65,2971"
2019,1,La Pampa,"25,16","-37,7429","-64,2856"
2019,1,La Rioja,"13,36","-29,4135","-66,8565"
2019,1,Mendoza,"10,51","-34,5890","-68,3480"
2019,1,Misiones,"9,88","-27,3644","-55,9000"
2019,1,Neuquén,"17,53","-38,9516","-68,0591"
2019,1,Río Negro,"16,48","-40,8135","-67,9665"
2019,1,Salta,"9,71","-24,7821","-65,4232"
2019,1,San Juan,"8,11","-31,5275","-68,5386"
2019,1,San Luis,"19,27","-33,3018","-66,3378"
2019,1,Santa Cruz,"7,04","-48,7834","-69,9335"
2019,1,Santa Fe,"21,06","-31,6333","-60,7000"
2019,1,Santiago Del Estero,"9,31","-27,7834","-64,2642"
2019,1,Tierra Del Fuego,"27,68","-54,8019","-68,3029"
2019,1,Tucumán,"10,31","-26,8241","-65,2226"
2018,4,Buenos Aires,"21,06","-36,6769","-60,5588"
2018,4,Capital Federal,"45,25","-34,6037","-58,3816"
2018,4,Catamarca,"8,20","-28,4696","-65,7795"
2018,4,Chaco,"8,71","-27,4515","-58,9864"
2018,4,Chubut,"13,06","-43,3002","-65,1023"
2018,4,Córdoba,"19,93","-31,4201","-64,1888"
2018,4,Corrientes,"9,10","-27,4806","-58,8341"
2018,4,Entre Ríos,"16,26","-32,0718","-60,5238"
2018,4,Formosa,"7,57","-26,1728","-58,1825"
2018,4,Jujuy,"11,90","-24,1945","-65,2971"
2018,4,La Pampa,"24,22","-37,7429","-64,2856"
2018,4,La Rioja,"13,40","-29,4135","-66,8565"
2018,4,Mendoza,"10,54","-34,5890","-68,3480"
2018,4,Misiones,"9,38","-27,3644","-55,9000"
2018,4,Neuquén,"17,58","-38,9516","-68,0591"
2018,4,Río Negro,"15,95","-40,8135","-67,9665"
2018,4,Salta,"9,64","-24,7821","-65,4232"
2018,4,San Juan,"8,13","-31,5275","-68,5386"
2018,4,San Luis,"19,33","-33,3018","-66,3378"
2018,4,Santa Cruz,"7,05","-48,7834","-69,9335"
2018,4,Santa Fe,"20,62","-31,6333","-60,7000"
2018,4,Santiago Del Estero,"9,28","-27,7834","-64,2642"
2018,4,Tierra Del Fuego,"27,75","-54,8019","-68,3029"
2018,4,Tucumán,"10,34","-26,8241","-65,2226"
2018,3,Buenos Aires,"20,96","-36,6769","-60,5588"
2018,3,Capital Federal,"45,38","-34,6037","-58,3816"
2018,3,Catamarca,"8,37","-28,4696","-65,7795"
2018,3,Chaco,"8,63","-27,4515","-58,9864"
2018,3,Chubut,"17,29","-43,3002","-65,1023"
2018,3,Córdoba,"19,67","-31,4201","-64,1888"
2018,3,Corrientes,"9,02","-27,4806","-58,8341"
2018,3,Entre Ríos,"15,02","-32,0718","-60,5238"
2018,3,Formosa,"7,53","-26,1728","-58,1825"
2018,3,Jujuy,"5,95","-24,1945","-65,2971"
2018,3,La Pampa,"23,64","-37,7429","-64,2856"
2018,3,La Rioja,"13,51","-29,4135","-66,8565"
2018,3,Mendoza,"10,60","-34,5890","-68,3480"
2018,3,Misiones,"8,74","-27,3644","-55,9000"
2018,3,Neuquén,"18,01","-38,9516","-68,0591"
2018,3,Río Negro,"15,55","-40,8135","-67,9665"
2018,3,Salta,"9,55","-24,7821","-65,4232"
2018,3,San Juan,"8,42","-31,5275","-68,5386"
2018,3,San Luis,"14,98","-33,3018","-66,3378"
2018,3,Santa Cruz,"9,74","-48,7834","-69,9335"
2018,3,Santa Fe,"19,94","-31,6333","-60,7000"
2018,3,Santiago Del Estero,"9,00","-27,7834","-64,2642"
2018,3,Tierra Del Fuego,"27,51","-54,8019","-68,3029"
2018,3,Tucumán,"10,33","-26,8241","-65,2226"
2018,2,Buenos Aires,"20,37","-36,6769","-60,5588"
2018,2,Capital Federal,"44,63","-34,6037","-58,3816"
2018,2,Catamarca,"8,36","-28,4696","-65,7795"
2018,2,Chaco,"8,35","-27,4515","-58,9864"
2018,2,Chubut,"16,83","-43,3002","-65,1023"
2018,2,Córdoba,"19,37","-31,4201","-64,1888"
2018,2,Corrientes,"8,90","-27,4806","-58,8341"
2018,2,Entre Ríos,"14,71","-32,0718","-60,5238"
2018,2,Formosa,"7,49","-26,1728","-58,1825"
2018,2,Jujuy,"5,99","-24,1945","-65,2971"
2018,2,La Pampa,"23,41","-37,7429","-64,2856"
2018,2,La Rioja,"13,57","-29,4135","-66,8565"
2018,2,Mendoza,"10,32","-34,5890","-68,3480"
2018,2,Misiones,"8,62","-27,3644","-55,9000"
2018,2,Neuquén,"17,93","-38,9516","-68,0591"
2018,2,Río Negro,"15,43","-40,8135","-67,9665"
2018,2,Salta,"9,67","-24,7821","-65,4232"
2018,2,San Juan,"8,39","-31,5275","-68,5386"
2018,2,San Luis,"4,34","-33,3018","-66,3378"
2018,2,Santa Cruz,"9,92","-48,7834","-69,9335"
2018,2,Santa Fe,"19,68","-31,6333","-60,7000"
2018,2,Santiago Del Estero,"8,75","-27,7834","-64,2642"
2018,2,Tierra Del Fuego,"27,16","-54,8019","-68,3029"
2018,2,Tucumán,"10,28","-26,8241","-65,2226"
2018,1,Buenos Aires,"20,28","-36,6769","-60,5588"
2018,1,Capital Federal,"44,56","-34,6037","-58,3816"
2018,1,Catamarca,"8,34","-28,4696","-65,7795"
2018,1,Chaco,"8,24","-27,4515","-58,9864"
2018,1,Chubut,"16,47","-43,3002","-65,1023"
2018,1,Córdoba,"19,45","-31,4201","-64,1888"
2018,1,Corrientes,"8,60","-27,4806","-58,8341"
2018,1,Entre Ríos,"14,56","-32,0718","-60,5238"
2018,1,Formosa,"5,45","-26,1728","-58,1825"
2018,1,Jujuy,"5,91","-24,1945","-65,2971"
2018,1,La Pampa,"23,64","-37,7429","-64,2856"
2018,1,La Rioja,"13,69","-29,4135","-66,8565"
2018,1,Mendoza,"10,35","-34,5890","-68,3480"
2018,1,Misiones,"8,43","-27,3644","-55,9000"
2018,1,Neuquén,"18,31","-38,9516","-68,0591"
2018,1,Río Negro,"15,32","-40,8135","-67,9665"
2018,1,Salta,"9,63","-24,7821","-65,4232"
2018,1,San Juan,"8,31","-31,5275","-68,5386"
2018,1,San Luis,"4,34","-33,3018","-66,3378"
2018,1,Santa Cruz,"9,98","-48,7834","-69,9335"
2018,1,Santa Fe,"19,58","-31,6333","-60,7000"
2018,1,Santiago Del Estero,"8,68","-27,7834","-64,2642"
2018,1,Tierra Del Fuego,"19,33","-54,8019","-68,3029"
2018,1,Tucumán,"10,20","-26,8241","-65,2226"
2017,4,Buenos Aires,"18,61","-36,6769","-60,5588"
2017,4,Capital Federal,"51,62","-34,6037","-58,3816"
2017,4,Catamarca,"7,28","-28,4696","-65,7795"
2017,4,Chaco,"8,23","-27,4515","-58,9864"
2017,4,Chubut,"15,78","-43,3002","-65,1023"
2017,4,Córdoba,"19,39","-31,4201","-64,1888"
2017,4,Corrientes,"8,56","-27,4806","-58,8341"
2017,4,Entre Ríos,"14,32","-32,0718","-60,5238"
2017,4,Formosa,"5,41","-26,1728","-58,1825"
2017,4,Jujuy,"5,82","-24,1945","-65,2971"
2017,4,La Pampa,"23,41","-37,7429","-64,2856"
2017,4,La Rioja,"13,73","-29,4135","-66,8565"
2017,4,Mendoza,"9,30","-34,5890","-68,3480"
2017,4,Misiones,"8,48","-27,3644","-55,9000"
2017,4,Neuquén,"18,23","-38,9516","-68,0591"
2017,4,Río Negro,"15,19","-40,8135","-67,9665"
2017,4,Salta,"9,64","-24,7821","-65,4232"
2017,4,San Juan,"7,72","-31,5275","-68,5386"
2017,4,San Luis,"3,03","-33,3018","-66,3378"
2017,4,Santa Cruz,"8,60","-48,7834","-69,9335"
2017,4,Santa Fe,"19,41","-31,6333","-60,7000"
2017,4,Santiago Del Estero,"7,23","-27,7834","-64,2642"
2017,4,Tierra Del Fuego,"17,76","-54,8019","-68,3029"
2017,4,Tucumán,"9,88","-26,8241","-65,2226"
2017,3,Buenos Aires,"17,94","-36,6769","-60,5588"
2017,3,Capital Federal,"51,24","-34,6037","-58,3816"
2017,3,Catamarca,"8,27","-28,4696","-65,7795"
2017,3,Chaco,"8,01","-27,4515","-58,9864"
2017,3,Chubut,"14,17","-43,3002","-65,1023"
2017,3,Córdoba,"19,08","-31,4201","-64,1888"
2017,3,Corrientes,"8,47","-27,4806","-58,8341"
2017,3,Entre Ríos,"13,74","-32,0718","-60,5238"
2017,3,Formosa,"5,43","-26,1728","-58,1825"
2017,3,Jujuy,"5,79","-24,1945","-65,2971"
2017,3,La Pampa,"22,78","-37,7429","-64,2856"
2017,3,La Rioja,"13,70","-29,4135","-66,8565"
2017,3,Mendoza,"9,96","-34,5890","-68,3480"
2017,3,Misiones,"8,23","-27,3644","-55,9000"
2017,3,Neuquén,"18,11","-38,9516","-68,0591"
2017,3,Río Negro,"14,92","-40,8135","-67,9665"
2017,3,Salta,"9,65","-24,7821","-65,4232"
2017,3,San Juan,"8,25","-31,5275","-68,5386"
2017,3,San Luis,"4,43","-33,3018","-66,3378"
2017,3,Santa Cruz,"9,91","-48,7834","-69,9335"
2017,3,Santa Fe,"19,15","-31,6333","-60,7000"
2017,3,Santiago Del Estero,"8,72","-27,7834","-64,2642"
2017,3,Tierra Del Fuego,"19,49","-54,8019","-68,3029"
2017,3,Tucumán,"9,83","-26,8241","-65,2226"
2017,2,Buenos Aires,"18,10","-36,6769","-60,5588"
2017,2,Capital Federal,"52,24","-34,6037","-58,3816"
2017,2,Catamarca,"6,61","-28,4696","-65,7795"
2017,2,Chaco,"7,76","-27,4515","-58,9864"
2017,2,Chubut,"10,90","-43,3002","-65,1023"
2017,2,Córdoba,"18,06","-31,4201","-64,1888"
2017,2,Corrientes,"8,27","-27,4806","-58,8341"
2017,2,Entre Ríos,"13,57","-32,0718","-60,5238"
2017,2,Formosa,"5,08","-26,1728","-58,1825"
2017,2,Jujuy,"5,73","-24,1945","-65,2971"
2017,2,La Pampa,"20,92","-37,7429","-64,2856"
2017,2,La Rioja,"4,31","-29,4135","-66,8565"
2017,2,Mendoza,"8,86","-34,5890","-68,3480"
2017,2,Misiones,"8,20","-27,3644","-55,9000"
2017,2,Neuquén,"18,43","-38,9516","-68,0591"
2017,2,Río Negro,"14,16","-40,8135","-67,9665"
2017,2,Salta,"7,93","-24,7821","-65,4232"
2017,2,San Juan,"6,87","-31,5275","-68,5386"
2017,2,San Luis,"2,72","-33,3018","-66,3378"
2017,2,Santa Cruz,"7,81","-48,7834","-69,9335"
2017,2,Santa Fe,"16,44","-31,6333","-60,7000"
2017,2,Santiago Del Estero,"3,50","-27,7834","-64,2642"
2017,2,Tierra Del Fuego,"20,30","-54,8019","-68,3029"
2017,2,Tucumán,"9,46","-26,8241","-65,2226"
2017,1,Buenos Aires,"18,80","-36,6769","-60,5588"
2017,1,Capital Federal,"45,69","-34,6037","-58,3816"
2017,1,Catamarca,"6,53","-28,4696","-65,7795"
2017,1,Chaco,"7,65","-27,4515","-58,9864"
2017,1,Chubut,"10,93","-43,3002","-65,1023"
2017,1,Córdoba,"17,65","-31,4201","-64,1888"
2017,1,Corrientes,"8,15","-27,4806","-58,8341"
2017,1,Entre Ríos,"13,43","-32,0718","-60,5238"
2017,1,Formosa,"5,05","-26,1728","-58,1825"
2017,1,Jujuy,"5,82","-24,1945","-65,2971"
2017,1,La Pampa,"20,65","-37,7429","-64,2856"
2017,1,La Rioja,"4,31","-29,4135","-66,8565"
2017,1,Mendoza,"8,89","-34,5890","-68,3480"
2017,1,Misiones,"8,04","-27,3644","-55,9000"
2017,1,Neuquén,"18,17","-38,9516","-68,0591"
2017,1,Río Negro,"14,16","-40,8135","-67,9665"
2017,1,Salta,"7,89","-24,7821","-65,4232"
2017,1,San Juan,"6,89","-31,5275","-68,5386"
2017,1,San Luis,"2,73","-33,3018","-66,3378"
2017,1,Santa Cruz,"7,89","-48,7834","-69,9335"
2017,1,Santa Fe,"16,34","-31,6333","-60,7000"
2017,1,Santiago Del Estero,"3,65","-27,7834","-64,2642"
2017,1,Tierra Del Fuego,"20,44","-54,8019","-68,3029"
2017,1,Tucumán,"9,39","-26,8241","-65,2226"
2016,4,Buenos Aires,"18,58","-36,6769","-60,5588"
2016,4,Capital Federal,"45,78","-34,6037","-58,3816"
2016,4,Catamarca,"6,72","-28,4696","-65,7795"
2016,4,Chaco,"7,65","-27,4515","-58,9864"
2016,4,Chubut,"10,96","-43,3002","-65,1023"
2016,4,Córdoba,"17,57","-31,4201","-64,1888"
2016,4,Corrientes,"8,12","-27,4806","-58,8341"
2016,4,Entre Ríos,"13,45","-32,0718","-60,5238"
2016,4,Formosa,"5,03","-26,1728","-58,1825"
2016,4,Jujuy,"5,76","-24,1945","-65,2971"
2016,4,La Pampa,"20,67","-37,7429","-64,2856"
2016,4,La Rioja,"4,35","-29,4135","-66,8565"
2016,4,Mendoza,"8,91","-34,5890","-68,3480"
2016,4,Misiones,"8,05","-27,3644","-55,9000"
2016,4,Neuquén,"17,99","-38,9516","-68,0591"
2016,4,Río Negro,"14,17","-40,8135","-67,9665"
2016,4,Salta,"7,87","-24,7821","-65,4232"
2016,4,San Juan,"6,91","-31,5275","-68,5386"
2016,4,San Luis,"2,74","-33,3018","-66,3378"
2016,4,Santa Cruz,"7,94","-48,7834","-69,9335"
2016,4,Santa Fe,"16,35","-31,6333","-60,7000"
2016,4,Santiago Del Estero,"3,72","-27,7834","-64,2642"
2016,4,Tierra Del Fuego,"20,57","-54,8019","-68,3029"
2016,4,Tucumán,"9,35","-26,8241","-65,2226"
2016,3,Buenos Aires,"18,30","-36,6769","-60,5588"
2016,3,Capital Federal,"45,85","-34,6037","-58,3816"
2016,3,Catamarca,"6,72","-28,4696","-65,7795"
2016,3,Chaco,"7,71","-27,4515","-58,9864"
2016,3,Chubut,"11,04","-43,3002","-65,1023"
2016,3,Córdoba,"17,79","-31,4201","-64,1888"
2016,3,Corrientes,"8,16","-27,4806","-58,8341"
2016,3,Entre Ríos,"13,55","-32,0718","-60,5238"
2016,3,Formosa,"4,73","-26,1728","-58,1825"
2016,3,Jujuy,"5,76","-24,1945","-65,2971"
2016,3,La Pampa,"20,29","-37,7429","-64,2856"
2016,3,La Rioja,"4,53","-29,4135","-66,8565"
2016,3,Mendoza,"8,93","-34,5890","-68,3480"
2016,3,Misiones,"8,12","-27,3644","-55,9000"
2016,3,Neuquén,"17,86","-38,9516","-68,0591"
2016,3,Río Negro,"14,22","-40,8135","-67,9665"
2016,3,Salta,"7,96","-24,7821","-65,4232"
2016,3,San Juan,"6,94","-31,5275","-68,5386"
2016,3,San Luis,"2,75","-33,3018","-66,3378"
2016,3,Santa Cruz,"7,93","-48,7834","-69,9335"
2016,3,Santa Fe,"16,53","-31,6333","-60,7000"
2016,3,Santiago Del Estero,"3,79","-27,7834","-64,2642"
2016,3,Tierra Del Fuego,"20,31","-54,8019","-68,3029"
2016,3,Tucumán,"9,36","-26,8241","-65,2226"
2016,2,Buenos Aires,"18,10","-36,6769","-60,5588"
2016,2,Capital Federal,"45,59","-34,6037","-58,3816"
2016,2,Catamarca,"6,63","-28,4696","-65,7795"
2016,2,Chaco,"7,64","-27,4515","-58,9864"
2016,2,Chubut,"11,07","-43,3002","-65,1023"
2016,2,Córdoba,"17,62","-31,4201","-64,1888"
2016,2,Corrientes,"8,05","-27,4806","-58,8341"
2016,2,Entre Ríos,"13,38","-32,0718","-60,5238"
2016,2,Formosa,"4,93","-26,1728","-58,1825"
2016,2,Jujuy,"5,60","-24,1945","-65,2971"
2016,2,La Pampa,"19,91","-37,7429","-64,2856"
2016,2,La Rioja,"4,49","-29,4135","-66,8565"
2016,2,Mendoza,"8,97","-34,5890","-68,3480"
2016,2,Misiones,"7,96","-27,3644","-55,9000"
2016,2,Neuquén,"17,59","-38,9516","-68,0591"
2016,2,Río Negro,"14,22","-40,8135","-67,9665"
2016,2,Salta,"7,77","-24,7821","-65,4232"
2016,2,San Juan,"6,96","-31,5275","-68,5386"
2016,2,San Luis,"2,75","-33,3018","-66,3378"
2016,2,Santa Cruz,"7,96","-48,7834","-69,9335"
2016,2,Santa Fe,"16,49","-31,6333","-60,7000"
2016,2,Santiago Del Estero,"3,94","-27,7834","-64,2642"
2016,2,Tierra Del Fuego,"20,08","-54,8019","-68,3029"
2016,2,Tucumán,"9,22","-26,8241","-65,2226"
2016,1,Buenos Aires,"17,54","-36,6769","-60,5588"
2016,1,Capital Federal,"43,76","-34,6037","-58,3816"
2016,1,Catamarca,"6,61","-28,4696","-65,7795"
2016,1,Chaco,"7,52","-27,4515","-58,9864"
2016,1,Chubut,"11,12","-43,3002","-65,1023"
2016,1,Córdoba,"16,97","-31,4201","-64,1888"
2016,1,Corrientes,"7,94","-27,4806","-58,8341"
2016,1,Entre Ríos,"13,14","-32,0718","-60,5238"
2016,1,Formosa,"4,86","-26,1728","-58,1825"
2016,1,Jujuy,"5,49","-24,1945","-65,2971"
2016,1,La Pampa,"19,10","-37,7429","-64,2856"
2016,1,La Rioja,"4,50","-29,4135","-66,8565"
2016,1,Mendoza,"8,99","-34,5890","-68,3480"
2016,1,Misiones,"7,75","-27,3644","-55,9000"
2016,1,Neuquén,"16,66","-38,9516","-68,0591"
2016,1,Río Negro,"14,15","-40,8135","-67,9665"
2016,1,Salta,"7,61","-24,7821","-65,4232"
2016,1,San Juan,"6,98","-31,5275","-68,5386"
2016,1,San Luis,"2,75","-33,3018","-66,3378"
2016,1,Santa Cruz,"8,05","-48,7834","-69,9335"
2016,1,Santa Fe,"16,16","-31,6333","-60,7000"
2016,1,Santiago Del Estero,"4,03","-27,7834","-64,2642"
2016,1,Tierra Del Fuego,"19,65","-54,8019","-68,3029"
2016,1,Tucumán,"9,13","-26,8241","-65,2226"
2015,4,Buenos Aires,"17,68","-36,6769","-60,5588"
2015,4,Capital Federal,"44,83","-34,6037","-58,3816"
2015,4,Catamarca,"6,64","-28,4696","-65,7795"
2015,4,Chaco,"7,54","-27,4515","-58,9864"
2015,4,Chubut,"11,21","-43,3002","-65,1023"
2015,4,Córdoba,"17,47","-31,4201","-64,1888"
2015,4,Corrientes,"7,95","-27,4806","-58,8341"
2015,4,Entre Ríos,"13,12","-32,0718","-60,5238"
2015,4,Formosa,"4,83","-26,1728","-58,1825"
2015,4,Jujuy,"5,46","-24,1945","-65,2971"
2015,4,La Pampa,"19,27","-37,7429","-64,2856"
2015,4,La Rioja,"4,58","-29,4135","-66,8565"
2015,4,Mendoza,"9,02","-34,5890","-68,3480"
2015,4,Misiones,"7,77","-27,3644","-55,9000"
2015,4,Neuquén,"17,23","-38,9516","-68,0591"
2015,4,Río Negro,"14,19","-40,8135","-67,9665"
2015,4,Salta,"7,60","-24,7821","-65,4232"
2015,4,San Juan,"7,01","-31,5275","-68,5386"
2015,4,San Luis,"2,76","-33,3018","-66,3378"
2015,4,Santa Cruz,"8,14","-48,7834","-69,9335"
2015,4,Santa Fe,"16,47","-31,6333","-60,7000"
2015,4,Santiago Del Estero,"4,20","-27,7834","-64,2642"
2015,4,Tierra Del Fuego,"19,44","-54,8019","-68,3029"
2015,4,Tucumán,"9,12","-26,8241","-65,2226"
2015,3,Buenos Aires,"17,55","-36,6769","-60,5588"
2015,3,Capital Federal,"44,91","-34,6037","-58,3816"
2015,3,Catamarca,"6,56","-28,4696","-65,7795"
2015,3,Chaco,"7,45","-27,4515","-58,9864"
2015,3,Chubut,"11,23","-43,3002","-65,1023"
2015,3,Córdoba,"17,43","-31,4201","-64,1888"
2015,3,Corrientes,"7,93","-27,4806","-58,8341"
2015,3,Entre Ríos,"13,03","-32,0718","-60,5238"
2015,3,Formosa,"4,78","-26,1728","-58,1825"
2015,3,Jujuy,"5,42","-24,1945","-65,2971"
2015,3,La Pampa,"19,06","-37,7429","-64,2856"
2015,3,La Rioja,"4,55","-29,4135","-66,8565"
2015,3,Mendoza,"9,04","-34,5890","-68,3480"
2015,3,Misiones,"7,69","-27,3644","-55,9000"
2015,3,Neuquén,"16,20","-38,9516","-68,0591"
2015,3,Río Negro,"14,22","-40,8135","-67,9665"
2015,3,Salta,"7,53","-24,7821","-65,4232"
2015,3,San Juan,"7,03","-31,5275","-68,5386"
2015,3,San Luis,"2,77","-33,3018","-66,3378"
2015,3,Santa Cruz,"8,16","-48,7834","-69,9335"
2015,3,Santa Fe,"16,36","-31,6333","-60,7000"
2015,3,Santiago Del Estero,"4,24","-27,7834","-64,2642"
2015,3,Tierra Del Fuego,"22,05","-54,8019","-68,3029"
2015,3,Tucumán,"9,04","-26,8241","-65,2226"
2015,2,Buenos Aires,"17,33","-36,6769","-60,5588"
2015,2,Capital Federal,"44,08","-34,6037","-58,3816"
2015,2,Catamarca,"6,48","-28,4696","-65,7795"
2015,2,Chaco,"7,34","-27,4515","-58,9864"
2015,2,Chubut,"11,22","-43,3002","-65,1023"
2015,2,Córdoba,"17,11","-31,4201","-64,1888"
2015,2,Corrientes,"7,79","-27,4806","-58,8341"
2015,2,Entre Ríos,"12,84","-32,0718","-60,5238"
2015,2,Formosa,"4,67","-26,1728","-58,1825"
2015,2,Jujuy,"5,19","-24,1945","-65,2971"
2015,2,La Pampa,"18,69","-37,7429","-64,2856"
2015,2,La Rioja,"4,49","-29,4135","-66,8565"
2015,2,Mendoza,"9,07","-34,5890","-68,3480"
2015,2,Misiones,"7,45","-27,3644","-55,9000"
2015,2,Neuquén,"15,81","-38,9516","-68,0591"
2015,2,Río Negro,"14,14","-40,8135","-67,9665"
2015,2,Salta,"7,38","-24,7821","-65,4232"
2015,2,San Juan,"7,04","-31,5275","-68,5386"
2015,2,San Luis,"2,78","-33,3018","-66,3378"
2015,2,Santa Cruz,"8,06","-48,7834","-69,9335"
2015,2,Santa Fe,"16,09","-31,6333","-60,7000"
2015,2,Santiago Del Estero,"4,25","-27,7834","-64,2642"
2015,2,Tierra Del Fuego,"22,10","-54,8019","-68,3029"
2015,2,Tucumán,"8,84","-26,8241","-65,2226"
2015,1,Buenos Aires,"17,24","-36,6769","-60,5588"
2015,1,Capital Federal,"43,66","-34,6037","-58,3816"
2015,1,Catamarca,"6,40","-28,4696","-65,7795"
2015,1,Chaco,"7,14","-27,4515","-58,9864"
2015,1,Chubut,"11,59","-43,3002","-65,1023"
2015,1,Córdoba,"16,79","-31,4201","-64,1888"
2015,1,Corrientes,"7,64","-27,4806","-58,8341"
2015,1,Entre Ríos,"12,61","-32,0718","-60,5238"
2015,1,Formosa,"4,62","-26,1728","-58,1825"
2015,1,Jujuy,"5,05","-24,1945","-65,2971"
2015,1,La Pampa,"18,33","-37,7429","-64,2856"
2015,1,La Rioja,"4,46","-29,4135","-66,8565"
2015,1,Mendoza,"9,06","-34,5890","-68,3480"
2015,1,Misiones,"7,19","-27,3644","-55,9000"
2015,1,Neuquén,"15,53","-38,9516","-68,0591"
2015,1,Río Negro,"13,99","-40,8135","-67,9665"
2015,1,Salta,"7,29","-24,7821","-65,4232"
2015,1,San Juan,"7,04","-31,5275","-68,5386"
2015,1,San Luis,"2,79","-33,3018","-66,3378"
2015,1,Santa Cruz,"8,39","-48,7834","-69,9335"
2015,1,Santa Fe,"15,83","-31,6333","-60,7000"
2015,1,Santiago Del Estero,"4,24","-27,7834","-64,2642"
2015,1,Tierra Del Fuego,"22,17","-54,8019","-68,3029"
2015,1,Tucumán,"8,72","-26,8241","-65,2226"
2014,4,Buenos Aires,"17,01","-36,6769","-60,5588"
2014,4,Capital Federal,"43,60","-34,6037","-58,3816"
2014,4,Catamarca,"6,46","-28,4696","-65,7795"
2014,4,Chaco,"5,81","-27,4515","-58,9864"
2014,4,Chubut,"12,22","-43,3002","-65,1023"
2014,4,Córdoba,"16,66","-31,4201","-64,1888"
2014,4,Corrientes,"6,17","-27,4806","-58,8341"
2014,4,Entre Ríos,"10,72","-32,0718","-60,5238"
2014,4,Formosa,"4,55","-26,1728","-58,1825"
2014,4,Jujuy,"4,98","-24,1945","-65,2971"
2014,4,La Pampa,"16,82","-37,7429","-64,2856"
2014,4,La Rioja,"4,50","-29,4135","-66,8565"
2014,4,Mendoza,"9,06","-34,5890","-68,3480"
2014,4,Misiones,"6,54","-27,3644","-55,9000"
2014,4,Neuquén,"15,53","-38,9516","-68,0591"
2014,4,Río Negro,"13,89","-40,8135","-67,9665"
2014,4,Salta,"7,10","-24,7821","-65,4232"
2014,4,San Juan,"7,10","-31,5275","-68,5386"
2014,4,San Luis,"2,78","-33,3018","-66,3378"
2014,4,Santa Cruz,"8,16","-48,7834","-69,9335"
2014,4,Santa Fe,"15,66","-31,6333","-60,7000"
2014,4,Santiago Del Estero,"4,26","-27,7834","-64,2642"
2014,4,Tierra Del Fuego,"19,34","-54,8019","-68,3029"
2014,4,Tucumán,"8,69","-26,8241","-65,2226"
2014,3,Buenos Aires,"17,26","-36,6769","-60,5588"
2014,3,Capital Federal,"43,21","-34,6037","-58,3816"
2014,3,Catamarca,"6,27","-28,4696","-65,7795"
2014,3,Chaco,"5,63","-27,4515","-58,9864"
2014,3,Chubut,"12,39","-43,3002","-65,1023"
2014,3,Córdoba,"16,56","-31,4201","-64,1888"
2014,3,Corrientes,"5,99","-27,4806","-58,8341"
2014,3,Entre Ríos,"10,43","-32,0718","-60,5238"
2014,3,Formosa,"4,51","-26,1728","-58,1825"
2014,3,Jujuy,"4,68","-24,1945","-65,2971"
2014,3,La Pampa,"18,34","-37,7429","-64,2856"
2014,3,La Rioja,"4,38","-29,4135","-66,8565"
2014,3,Mendoza,"8,99","-34,5890","-68,3480"
2014,3,Misiones,"6,40","-27,3644","-55,9000"
2014,3,Neuquén,"16,73","-38,9516","-68,0591"
2014,3,Río Negro,"14,16","-40,8135","-67,9665"
2014,3,Salta,"7,05","-24,7821","-65,4232"
2014,3,San Juan,"7,08","-31,5275","-68,5386"
2014,3,San Luis,"2,77","-33,3018","-66,3378"
2014,3,Santa Cruz,"8,34","-48,7834","-69,9335"
2014,3,Santa Fe,"15,44","-31,6333","-60,7000"
2014,3,Santiago Del Estero,"4,08","-27,7834","-64,2642"
2014,3,Tierra Del Fuego,"19,34","-54,8019","-68,3029"
2014,3,Tucumán,"8,38","-26,8241","-65,2226"
2014,2,Buenos Aires,"16,79","-36,6769","-60,5588"
2014,2,Capital Federal,"42,97","-34,6037","-58,3816"
2014,2,Catamarca,"6,28","-28,4696","-65,7795"
2014,2,Chaco,"5,60","-27,4515","-58,9864"
2014,2,Chubut,"12,70","-43,3002","-65,1023"
2014,2,Córdoba,"16,37","-31,4201","-64,1888"
2014,2,Corrientes,"5,95","-27,4806","-58,8341"
2014,2,Entre Ríos,"10,37","-32,0718","-60,5238"
2014,2,Formosa,"4,46","-26,1728","-58,1825"
2014,2,Jujuy,"4,78","-24,1945","-65,2971"
2014,2,La Pampa,"16,38","-37,7429","-64,2856"
2014,2,La Rioja,"4,39","-29,4135","-66,8565"
2014,2,Mendoza,"8,96","-34,5890","-68,3480"
2014,2,Misiones,"6,37","-27,3644","-55,9000"
2014,2,Neuquén,"15,14","-38,9516","-68,0591"
2014,2,Río Negro,"13,95","-40,8135","-67,9665"
2014,2,Salta,"7,00","-24,7821","-65,4232"
2014,2,San Juan,"7,08","-31,5275","-68,5386"
2014,2,San Luis,"2,78","-33,3018","-66,3378"
2014,2,Santa Cruz,"8,74","-48,7834","-69,9335"
2014,2,Santa Fe,"15,22","-31,6333","-60,7000"
2014,2,Santiago Del Estero,"4,14","-27,7834","-64,2642"
2014,2,Tierra Del Fuego,"19,09","-54,8019","-68,3029"
2014,2,Tucumán,"8,41","-26,8241","-65,2226"
2014,1,Buenos Aires,"16,69","-36,6769","-60,5588"
2014,1,Capital Federal,"42,66","-34,6037","-58,3816"
2014,1,Catamarca,"6,18","-28,4696","-65,7795"
2014,1,Chaco,"5,55","-27,4515","-58,9864"
2014,1,Chubut,"12,70","-43,3002","-65,1023"
2014,1,Córdoba,"16,13","-31,4201","-64,1888"
2014,1,Corrientes,"5,89","-27,4806","-58,8341"
2014,1,Entre Ríos,"10,30","-32,0718","-60,5238"
2014,1,Formosa,"4,44","-26,1728","-58,1825"
2014,1,Jujuy,"4,72","-24,1945","-65,2971"
2014,1,La Pampa,"15,99","-37,7429","-64,2856"
2014,1,La Rioja,"4,35","-29,4135","-66,8565"
2014,1,Mendoza,"8,93","-34,5890","-68,3480"
2014,1,Misiones,"6,32","-27,3644","-55,9000"
2014,1,Neuquén,"14,88","-38,9516","-68,0591"
2014,1,Río Negro,"13,87","-40,8135","-67,9665"
